geschlecht,anlass,stufe,platz,punkte
m,gc,gc1,1,1300
m,gc,gc1,2,1040
m,gc,gc1,3,880
m,gc,gc1,4,750
m,gc,gc1,5,620
m,gc,gc1,6,520
m,gc,gc1,7,425
m,gc,gc1,8,360
m,gc,gc1,9,295
m,gc,gc1,10,230
m,gc,gc1,11,190
m,gc,gc1,12,165
m,gc,gc1,13,140
m,gc,gc1,14,110
m,gc,gc1,15,100
m,gc,gc1,16,90
m,gc,gc1,17,85
m,gc,gc1,18,80
m,gc,gc1,19,70
m,gc,gc1,20,60
m,gc,gc1,21,50
m,gc,gc1,22,50
m,gc,gc1,23,50
m,gc,gc1,24,50
m,gc,gc1,25,50
m,gc,gc1,26,40
m,gc,gc1,27,40
m,gc,gc1,28,40
m,gc,gc1,29,40
m,gc,gc1,30,40
m,gc,gc1,31,35
m,gc,gc1,32,35
m,gc,gc1,33,35
m,gc,gc1,34,35
m,gc,gc1,35,35
m,gc,gc1,36,35
m,gc,gc1,37,35
m,gc,gc1,38,35
m,gc,gc1,39,35
m,gc,gc1,40,35
m,gc,gc1,41,25
m,gc,gc1,42,25
m,gc,gc1,43,25
m,gc,gc1,44,25
m,gc,gc1,45,25
m,gc,gc1,46,25
m,gc,gc1,47,25
m,gc,gc1,48,25
m,gc,gc1,49,25
m,gc,gc1,50,25
m,gc,gc1,51,20
m,gc,gc1,52,20
m,gc,gc1,53,20
m,gc,gc1,54,20
m,gc,gc1,55,20
m,gc,gc1,56,15
m,gc,gc1,57,15
m,gc,gc1,58,15
m,gc,gc1,59,15
m,gc,gc1,60,15
m,gc,gc2,1,1100
m,gc,gc2,2,885
m,gc,gc2,3,750
m,gc,gc2,4,600
m,gc,gc2,5,495
m,gc,gc2,6,415
m,gc,gc2,7,340
m,gc,gc2,8,285
m,gc,gc2,9,235
m,gc,gc2,10,180
m,gc,gc2,11,155
m,gc,gc2,12,130
m,gc,gc2,13,110
m,gc,gc2,14,90
m,gc,gc2,15,80
m,gc,gc2,16,75
m,gc,gc2,17,70
m,gc,gc2,18,60
m,gc,gc2,19,55
m,gc,gc2,20,50
m,gc,gc2,21,50
m,gc,gc2,22,50
m,gc,gc2,23,50
m,gc,gc2,24,50
m,gc,gc2,25,50
m,gc,gc2,26,30
m,gc,gc2,27,30
m,gc,gc2,28,30
m,gc,gc2,29,30
m,gc,gc2,30,30
m,gc,gc2,31,25
m,gc,gc2,32,25
m,gc,gc2,33,25
m,gc,gc2,34,25
m,gc,gc2,35,25
m,gc,gc2,36,25
m,gc,gc2,37,25
m,gc,gc2,38,25
m,gc,gc2,39,25
m,gc,gc2,40,25
m,gc,gc2,41,20
m,gc,gc2,42,20
m,gc,gc2,43,20
m,gc,gc2,44,20
m,gc,gc2,45,20
m,gc,gc2,46,20
m,gc,gc2,47,20
m,gc,gc2,48,20
m,gc,gc2,49,20
m,gc,gc2,50,20
m,gc,gc2,51,15
m,gc,gc2,52,15
m,gc,gc2,53,15
m,gc,gc2,54,15
m,gc,gc2,55,15
m,gc,gc2,56,10
m,gc,gc2,57,10
m,gc,gc2,58,10
m,gc,gc2,59,10
m,gc,gc2,60,10
m,gc,gc3,1,800
m,gc,gc3,2,640
m,gc,gc3,3,520
m,gc,gc3,4,440
m,gc,gc3,5,360
m,gc,gc3,6,280
m,gc,gc3,7,240
m,gc,gc3,8,200
m,gc,gc3,9,160
m,gc,gc3,10,135
m,gc,gc3,11,110
m,gc,gc3,12,95
m,gc,gc3,13,85
m,gc,gc3,14,65
m,gc,gc3,15,55
m,gc,gc3,16,50
m,gc,gc3,17,50
m,gc,gc3,18,50
m,gc,gc3,19,50
m,gc,gc3,20,50
m,gc,gc3,21,30
m,gc,gc3,22,30
m,gc,gc3,23,30
m,gc,gc3,24,30
m,gc,gc3,25,30
m,gc,gc3,26,30
m,gc,gc3,27,30
m,gc,gc3,28,30
m,gc,gc3,29,30
m,gc,gc3,30,30
m,gc,gc3,31,15
m,gc,gc3,32,15
m,gc,gc3,33,15
m,gc,gc3,34,15
m,gc,gc3,35,15
m,gc,gc3,36,15
m,gc,gc3,37,15
m,gc,gc3,38,15
m,gc,gc3,39,15
m,gc,gc3,40,15
m,gc,gc3,41,15
m,gc,gc3,42,15
m,gc,gc3,43,15
m,gc,gc3,44,15
m,gc,gc3,45,15
m,gc,gc3,46,15
m,gc,gc3,47,15
m,gc,gc3,48,15
m,gc,gc3,49,15
m,gc,gc3,50,15
m,gc,gc3,51,10
m,gc,gc3,52,10
m,gc,gc3,53,10
m,gc,gc3,54,10
m,gc,gc3,55,10
m,gc,gc3,56,5
m,gc,gc3,57,5
m,gc,gc3,58,5
m,gc,gc3,59,5
m,gc,gc3,60,5
m,gc,gc4,1,500
m,gc,gc4,2,400
m,gc,gc4,3,325
m,gc,gc4,4,275
m,gc,gc4,5,225
m,gc,gc4,6,175
m,gc,gc4,7,150
m,gc,gc4,8,125
m,gc,gc4,9,100
m,gc,gc4,10,85
m,gc,gc4,11,70
m,gc,gc4,12,60
m,gc,gc4,13,50
m,gc,gc4,14,40
m,gc,gc4,15,35
m,gc,gc4,16,30
m,gc,gc4,17,30
m,gc,gc4,18,30
m,gc,gc4,19,30
m,gc,gc4,20,30
m,gc,gc4,21,20
m,gc,gc4,22,20
m,gc,gc4,23,20
m,gc,gc4,24,20
m,gc,gc4,25,20
m,gc,gc4,26,20
m,gc,gc4,27,20
m,gc,gc4,28,20
m,gc,gc4,29,20
m,gc,gc4,30,20
m,gc,gc4,31,10
m,gc,gc4,32,10
m,gc,gc4,33,10
m,gc,gc4,34,10
m,gc,gc4,35,10
m,gc,gc4,36,10
m,gc,gc4,37,10
m,gc,gc4,38,10
m,gc,gc4,39,10
m,gc,gc4,40,10
m,gc,gc4,41,10
m,gc,gc4,42,10
m,gc,gc4,43,10
m,gc,gc4,44,10
m,gc,gc4,45,10
m,gc,gc4,46,10
m,gc,gc4,47,10
m,gc,gc4,48,10
m,gc,gc4,49,10
m,gc,gc4,50,10
m,gc,gc4,51,5
m,gc,gc4,52,5
m,gc,gc4,53,5
m,gc,gc4,54,5
m,gc,gc4,55,5
m,gc,gc4,56,3
m,gc,gc4,57,3
m,gc,gc4,58,3
m,gc,gc4,59,3
m,gc,gc4,60,3
m,gc,gc5,1,400
m,gc,gc5,2,320
m,gc,gc5,3,260
m,gc,gc5,4,220
m,gc,gc5,5,180
m,gc,gc5,6,140
m,gc,gc5,7,120
m,gc,gc5,8,100
m,gc,gc5,9,80
m,gc,gc5,10,68
m,gc,gc5,11,56
m,gc,gc5,12,48
m,gc,gc5,13,40
m,gc,gc5,14,32
m,gc,gc5,15,28
m,gc,gc5,16,24
m,gc,gc5,17,24
m,gc,gc5,18,24
m,gc,gc5,19,24
m,gc,gc5,20,24
m,gc,gc5,21,16
m,gc,gc5,22,16
m,gc,gc5,23,16
m,gc,gc5,24,16
m,gc,gc5,25,16
m,gc,gc5,26,16
m,gc,gc5,27,16
m,gc,gc5,28,16
m,gc,gc5,29,16
m,gc,gc5,30,16
m,gc,gc5,31,8
m,gc,gc5,32,8
m,gc,gc5,33,8
m,gc,gc5,34,8
m,gc,gc5,35,8
m,gc,gc5,36,8
m,gc,gc5,37,8
m,gc,gc5,38,8
m,gc,gc5,39,8
m,gc,gc5,40,8
m,gc,gc5,41,8
m,gc,gc5,42,8
m,gc,gc5,43,8
m,gc,gc5,44,8
m,gc,gc5,45,8
m,gc,gc5,46,8
m,gc,gc5,47,8
m,gc,gc5,48,8
m,gc,gc5,49,8
m,gc,gc5,50,8
m,gc,gc5,51,4
m,gc,gc5,52,4
m,gc,gc5,53,4
m,gc,gc5,54,4
m,gc,gc5,55,4
m,gc,gc5,56,2
m,gc,gc5,57,2
m,gc,gc5,58,2
m,gc,gc5,59,2
m,gc,gc5,60,2
w,gc,gc1,1,1300
w,gc,gc1,2,1040
w,gc,gc1,3,880
w,gc,gc1,4,750
w,gc,gc1,5,620
w,gc,gc1,6,520
w,gc,gc1,7,425
w,gc,gc1,8,360
w,gc,gc1,9,295
w,gc,gc1,10,230
w,gc,gc1,11,190
w,gc,gc1,12,165
w,gc,gc1,13,140
w,gc,gc1,14,110
w,gc,gc1,15,100
w,gc,gc1,16,90
w,gc,gc1,17,85
w,gc,gc1,18,80
w,gc,gc1,19,70
w,gc,gc1,20,60
w,gc,gc1,21,50
w,gc,gc1,22,50
w,gc,gc1,23,50
w,gc,gc1,24,50
w,gc,gc1,25,50
w,gc,gc1,26,40
w,gc,gc1,27,40
w,gc,gc1,28,40
w,gc,gc1,29,40
w,gc,gc1,30,40
w,gc,gc1,31,35
w,gc,gc1,32,35
w,gc,gc1,33,35
w,gc,gc1,34,35
w,gc,gc1,35,35
w,gc,gc1,36,35
w,gc,gc1,37,35
w,gc,gc1,38,35
w,gc,gc1,39,35
w,gc,gc1,40,35
w,gc,gc1,41,25
w,gc,gc1,42,25
w,gc,gc1,43,25
w,gc,gc1,44,25
w,gc,gc1,45,25
w,gc,gc1,46,25
w,gc,gc1,47,25
w,gc,gc1,48,25
w,gc,gc1,49,25
w,gc,gc1,50,25
w,gc,gc1,51,20
w,gc,gc1,52,20
w,gc,gc1,53,20
w,gc,gc1,54,20
w,gc,gc1,55,20
w,gc,gc1,56,15
w,gc,gc1,57,15
w,gc,gc1,58,15
w,gc,gc1,59,15
w,gc,gc1,60,15
w,gc,gc2,1,1100
w,gc,gc2,2,885
w,gc,gc2,3,750
w,gc,gc2,4,600
w,gc,gc2,5,495
w,gc,gc2,6,415
w,gc,gc2,7,340
w,gc,gc2,8,285
w,gc,gc2,9,235
w,gc,gc2,10,180
w,gc,gc2,11,155
w,gc,gc2,12,130
w,gc,gc2,13,110
w,gc,gc2,14,90
w,gc,gc2,15,80
w,gc,gc2,16,75
w,gc,gc2,17,70
w,gc,gc2,18,60
w,gc,gc2,19,55
w,gc,gc2,20,50
w,gc,gc2,21,50
w,gc,gc2,22,50
w,gc,gc2,23,50
w,gc,gc2,24,50
w,gc,gc2,25,50
w,gc,gc2,26,30
w,gc,gc2,27,30
w,gc,gc2,28,30
w,gc,gc2,29,30
w,gc,gc2,30,30
w,gc,gc2,31,25
w,gc,gc2,32,25
w,gc,gc2,33,25
w,gc,gc2,34,25
w,gc,gc2,35,25
w,gc,gc2,36,25
w,gc,gc2,37,25
w,gc,gc2,38,25
w,gc,gc2,39,25
w,gc,gc2,40,25
w,gc,gc2,41,20
w,gc,gc2,42,20
w,gc,gc2,43,20
w,gc,gc2,44,20
w,gc,gc2,45,20
w,gc,gc2,46,20
w,gc,gc2,47,20
w,gc,gc2,48,20
w,gc,gc2,49,20
w,gc,gc2,50,20
w,gc,gc2,51,15
w,gc,gc2,52,15
w,gc,gc2,53,15
w,gc,gc2,54,15
w,gc,gc2,55,15
w,gc,gc2,56,10
w,gc,gc2,57,10
w,gc,gc2,58,10
w,gc,gc2,59,10
w,gc,gc2,60,10
w,gc,gc3,1,800
w,gc,gc3,2,640
w,gc,gc3,3,520
w,gc,gc3,4,440
w,gc,gc3,5,360
w,gc,gc3,6,280
w,gc,gc3,7,240
w,gc,gc3,8,200
w,gc,gc3,9,160
w,gc,gc3,10,135
w,gc,gc3,11,110
w,gc,gc3,12,95
w,gc,gc3,13,85
w,gc,gc3,14,65
w,gc,gc3,15,55
w,gc,gc3,16,50
w,gc,gc3,17,50
w,gc,gc3,18,50
w,gc,gc3,19,50
w,gc,gc3,20,50
w,gc,gc3,21,30
w,gc,gc3,22,30
w,gc,gc3,23,30
w,gc,gc3,24,30
w,gc,gc3,25,30
w,gc,gc3,26,30
w,gc,gc3,27,30
w,gc,gc3,28,30
w,gc,gc3,29,30
w,gc,gc3,30,30
w,gc,gc3,31,15
w,gc,gc3,32,15
w,gc,gc3,33,15
w,gc,gc3,34,15
w,gc,gc3,35,15
w,gc,gc3,36,15
w,gc,gc3,37,15
w,gc,gc3,38,15
w,gc,gc3,39,15
w,gc,gc3,40,15
w,gc,gc3,41,15
w,gc,gc3,42,15
w,gc,gc3,43,15
w,gc,gc3,44,15
w,gc,gc3,45,15
w,gc,gc3,46,15
w,gc,gc3,47,15
w,gc,gc3,48,15
w,gc,gc3,49,15
w,gc,gc3,50,15
w,gc,gc3,51,10
w,gc,gc3,52,10
w,gc,gc3,53,10
w,gc,gc3,54,10
w,gc,gc3,55,10
w,gc,gc3,56,5
w,gc,gc3,57,5
w,gc,gc3,58,5
w,gc,gc3,59,5
w,gc,gc3,60,5
w,gc,gc4,1,500
w,gc,gc4,2,400
w,gc,gc4,3,325
w,gc,gc4,4,275
w,gc,gc4,5,225
w,gc,gc4,6,175
w,gc,gc4,7,150
w,gc,gc4,8,125
w,gc,gc4,9,100
w,gc,gc4,10,85
w,gc,gc4,11,70
w,gc,gc4,12,60
w,gc,gc4,13,50
w,gc,gc4,14,40
w,gc,gc4,15,35
w,gc,gc4,16,30
w,gc,gc4,17,30
w,gc,gc4,18,30
w,gc,gc4,19,30
w,gc,gc4,20,30
w,gc,gc4,21,20
w,gc,gc4,22,20
w,gc,gc4,23,20
w,gc,gc4,24,20
w,gc,gc4,25,20
w,gc,gc4,26,20
w,gc,gc4,27,20
w,gc,gc4,28,20
w,gc,gc4,29,20
w,gc,gc4,30,20
w,gc,gc4,31,10
w,gc,gc4,32,10
w,gc,gc4,33,10
w,gc,gc4,34,10
w,gc,gc4,35,10
w,gc,gc4,36,10
w,gc,gc4,37,10
w,gc,gc4,38,10
w,gc,gc4,39,10
w,gc,gc4,40,10
w,gc,gc4,41,10
w,gc,gc4,42,10
w,gc,gc4,43,10
w,gc,gc4,44,10
w,gc,gc4,45,10
w,gc,gc4,46,10
w,gc,gc4,47,10
w,gc,gc4,48,10
w,gc,gc4,49,10
w,gc,gc4,50,10
w,gc,gc4,51,5
w,gc,gc4,52,5
w,gc,gc4,53,5
w,gc,gc4,54,5
w,gc,gc4,55,5
w,gc,gc4,56,3
w,gc,gc4,57,3
w,gc,gc4,58,3
w,gc,gc4,59,3
w,gc,gc4,60,3
w,gc,gc5,1,400
w,gc,gc5,2,320
w,gc,gc5,3,260
w,gc,gc5,4,220
w,gc,gc5,5,180
w,gc,gc5,6,140
w,gc,gc5,7,120
w,gc,gc5,8,100
w,gc,gc5,9,80
w,gc,gc5,10,68
w,gc,gc5,11,56
w,gc,gc5,12,48
w,gc,gc5,13,40
w,gc,gc5,14,32
w,gc,gc5,15,28
w,gc,gc5,16,24
w,gc,gc5,17,24
w,gc,gc5,18,24
w,gc,gc5,19,24
w,gc,gc5,20,24
w,gc,gc5,21,16
w,gc,gc5,22,16
w,gc,gc5,23,16
w,gc,gc5,24,16
w,gc,gc5,25,16
w,gc,gc5,26,16
w,gc,gc5,27,16
w,gc,gc5,28,16
w,gc,gc5,29,16
w,gc,gc5,30,16
w,gc,gc5,31,8
w,gc,gc5,32,8
w,gc,gc5,33,8
w,gc,gc5,34,8
w,gc,gc5,35,8
w,gc,gc5,36,8
w,gc,gc5,37,8
w,gc,gc5,38,8
w,gc,gc5,39,8
w,gc,gc5,40,8
w,gc,gc5,41,8
w,gc,gc5,42,8
w,gc,gc5,43,8
w,gc,gc5,44,8
w,gc,gc5,45,8
w,gc,gc5,46,8
w,gc,gc5,47,8
w,gc,gc5,48,8
w,gc,gc5,49,8
w,gc,gc5,50,8
w,gc,gc5,51,4
w,gc,gc5,52,4
w,gc,gc5,53,4
w,gc,gc5,54,4
w,gc,gc5,55,4
w,gc,gc5,56,2
w,gc,gc5,57,2
w,gc,gc5,58,2
w,gc,gc5,59,2
w,gc,gc5,60,2
m,etappe,et1,1,210
m,etappe,et1,2,150
m,etappe,et1,3,110
m,etappe,et1,4,90
m,etappe,et1,5,70
m,etappe,et1,6,55
m,etappe,et1,7,45
m,etappe,et1,8,40
m,etappe,et1,9,35
m,etappe,et1,10,30
m,etappe,et1,11,25
m,etappe,et1,12,20
m,etappe,et1,13,15
m,etappe,et1,14,10
m,etappe,et1,15,5
m,etappe,et2,1,180
m,etappe,et2,2,130
m,etappe,et2,3,95
m,etappe,et2,4,80
m,etappe,et2,5,60
m,etappe,et2,6,45
m,etappe,et2,7,40
m,etappe,et2,8,35
m,etappe,et2,9,30
m,etappe,et2,10,25
m,etappe,et2,11,20
m,etappe,et2,12,15
m,etappe,et2,13,10
m,etappe,et2,14,5
m,etappe,et2,15,2
m,etappe,et3,1,60
m,etappe,et3,2,40
m,etappe,et3,3,30
m,etappe,et3,4,25
m,etappe,et3,5,20
m,etappe,et3,6,15
m,etappe,et3,7,10
m,etappe,et3,8,8
m,etappe,et3,9,5
m,etappe,et3,10,2
m,etappe,et4,1,50
m,etappe,et4,2,30
m,etappe,et4,3,25
m,etappe,et4,4,20
m,etappe,et4,5,15
m,etappe,et4,6,10
m,etappe,et4,7,8
m,etappe,et4,8,6
m,etappe,et4,9,3
m,etappe,et4,10,1
w,etappe,et1,1,210
w,etappe,et1,2,150
w,etappe,et1,3,110
w,etappe,et1,4,90
w,etappe,et1,5,70
w,etappe,et1,6,55
w,etappe,et1,7,45
w,etappe,et1,8,40
w,etappe,et1,9,35
w,etappe,et1,10,30
w,etappe,et1,11,25
w,etappe,et1,12,20
w,etappe,et1,13,15
w,etappe,et1,14,10
w,etappe,et1,15,5
w,etappe,et2,1,180
w,etappe,et2,2,130
w,etappe,et2,3,95
w,etappe,et2,4,80
w,etappe,et2,5,60
w,etappe,et2,6,45
w,etappe,et2,7,40
w,etappe,et2,8,35
w,etappe,et2,9,30
w,etappe,et2,10,25
w,etappe,et2,11,20
w,etappe,et2,12,15
w,etappe,et2,13,10
w,etappe,et2,14,5
w,etappe,et2,15,2
w,etappe,et3,1,60
w,etappe,et3,2,40
w,etappe,et3,3,30
w,etappe,et3,4,25
w,etappe,et3,5,20
w,etappe,et3,6,15
w,etappe,et3,7,10
w,etappe,et3,8,8
w,etappe,et3,9,5
w,etappe,et3,10,2
w,etappe,et4,1,50
w,etappe,et4,2,30
w,etappe,et4,3,25
w,etappe,et4,4,20
w,etappe,et4,5,15
w,etappe,et4,6,10
w,etappe,et4,7,8
w,etappe,et4,8,6
w,etappe,et4,9,3
w,etappe,et4,10,1
m,nebenklassement,nk1,1,210
m,nebenklassement,nk1,2,150
m,nebenklassement,nk1,3,110
m,nebenklassement,nk2,1,180
m,nebenklassement,nk2,2,130
m,nebenklassement,nk2,3,95
w,nebenklassement,nk1,1,210
w,nebenklassement,nk1,2,150
w,nebenklassement,nk1,3,110
w,nebenklassement,nk2,1,180
w,nebenklassement,nk2,2,130
w,nebenklassement,nk2,3,95
m,trikot,tr1,1,25
m,trikot,tr2,1,20
m,trikot,tr3,1,10
m,trikot,tr4,1,8
w,trikot,tr1,1,25
w,trikot,tr2,1,20
w,trikot,tr3,1,10
w,trikot,tr4,1,8
m,kk_gc,proseries,1,250
m,kk_gc,proseries,2,170
m,kk_gc,proseries,3,140
m,kk_gc,proseries,4,120
m,kk_gc,proseries,5,100
m,kk_gc,proseries,6,80
m,kk_gc,proseries,7,70
m,kk_gc,proseries,8,60
m,kk_gc,proseries,9,50
m,kk_gc,proseries,10,40
m,kk_gc,proseries,11,30
m,kk_gc,proseries,12,20
m,kk_gc,proseries,13,10
m,kk_gc,proseries,14,10
m,kk_gc,proseries,15,10
m,kk_gc,proseries,16,6
m,kk_gc,proseries,17,6
m,kk_gc,proseries,18,6
m,kk_gc,proseries,19,6
m,kk_gc,proseries,20,6
m,kk_gc,proseries,21,6
m,kk_gc,proseries,22,6
m,kk_gc,proseries,23,6
m,kk_gc,proseries,24,6
m,kk_gc,proseries,25,6
m,kk_gc,proseries,26,5
m,kk_gc,proseries,27,5
m,kk_gc,proseries,28,5
m,kk_gc,proseries,29,5
m,kk_gc,proseries,30,5
m,kk_gc,proseries,31,3
m,kk_gc,proseries,32,3
m,kk_gc,proseries,33,3
m,kk_gc,proseries,34,3
m,kk_gc,proseries,35,3
m,kk_gc,proseries,36,3
m,kk_gc,proseries,37,3
m,kk_gc,proseries,38,3
m,kk_gc,proseries,39,3
m,kk_gc,proseries,40,3
m,kk_gc,class1,1,125
m,kk_gc,class1,2,85
m,kk_gc,class1,3,70
m,kk_gc,class1,4,60
m,kk_gc,class1,5,50
m,kk_gc,class1,6,40
m,kk_gc,class1,7,35
m,kk_gc,class1,8,30
m,kk_gc,class1,9,25
m,kk_gc,class1,10,20
m,kk_gc,class1,11,15
m,kk_gc,class1,12,10
m,kk_gc,class1,13,5
m,kk_gc,class1,14,5
m,kk_gc,class1,15,5
m,kk_gc,class1,16,3
m,kk_gc,class1,17,3
m,kk_gc,class1,18,3
m,kk_gc,class1,19,3
m,kk_gc,class1,20,3
m,kk_gc,class1,21,3
m,kk_gc,class1,22,3
m,kk_gc,class1,23,3
m,kk_gc,class1,24,3
m,kk_gc,class1,25,3
m,kk_gc,class2,1,40
m,kk_gc,class2,2,30
m,kk_gc,class2,3,25
m,kk_gc,class2,4,20
m,kk_gc,class2,5,15
m,kk_gc,class2,6,10
m,kk_gc,class2,7,5
m,kk_gc,class2,8,3
m,kk_gc,class2,9,3
m,kk_gc,class2,10,3
m,kk_gc,class2u,1,30
m,kk_gc,class2u,2,25
m,kk_gc,class2u,3,20
m,kk_gc,class2u,4,15
m,kk_gc,class2u,5,10
m,kk_gc,class2u,6,5
m,kk_gc,class2u,7,3
m,kk_gc,class2u,8,1
m,kk_gc,class2u,9,1
m,kk_gc,class2u,10,1
w,kk_gc,proseries,1,250
w,kk_gc,proseries,2,170
w,kk_gc,proseries,3,140
w,kk_gc,proseries,4,120
w,kk_gc,proseries,5,100
w,kk_gc,proseries,6,80
w,kk_gc,proseries,7,70
w,kk_gc,proseries,8,60
w,kk_gc,proseries,9,50
w,kk_gc,proseries,10,40
w,kk_gc,proseries,11,30
w,kk_gc,proseries,12,20
w,kk_gc,proseries,13,10
w,kk_gc,proseries,14,10
w,kk_gc,proseries,15,10
w,kk_gc,proseries,16,6
w,kk_gc,proseries,17,6
w,kk_gc,proseries,18,6
w,kk_gc,proseries,19,6
w,kk_gc,proseries,20,6
w,kk_gc,proseries,21,6
w,kk_gc,proseries,22,6
w,kk_gc,proseries,23,6
w,kk_gc,proseries,24,6
w,kk_gc,proseries,25,6
w,kk_gc,proseries,26,5
w,kk_gc,proseries,27,5
w,kk_gc,proseries,28,5
w,kk_gc,proseries,29,5
w,kk_gc,proseries,30,5
w,kk_gc,proseries,31,3
w,kk_gc,proseries,32,3
w,kk_gc,proseries,33,3
w,kk_gc,proseries,34,3
w,kk_gc,proseries,35,3
w,kk_gc,proseries,36,3
w,kk_gc,proseries,37,3
w,kk_gc,proseries,38,3
w,kk_gc,proseries,39,3
w,kk_gc,proseries,40,3
w,kk_gc,class1,1,125
w,kk_gc,class1,2,85
w,kk_gc,class1,3,70
w,kk_gc,class1,4,60
w,kk_gc,class1,5,50
w,kk_gc,class1,6,40
w,kk_gc,class1,7,35
w,kk_gc,class1,8,30
w,kk_gc,class1,9,25
w,kk_gc,class1,10,20
w,kk_gc,class1,11,15
w,kk_gc,class1,12,10
w,kk_gc,class1,13,5
w,kk_gc,class1,14,5
w,kk_gc,class1,15,5
w,kk_gc,class1,16,3
w,kk_gc,class1,17,3
w,kk_gc,class1,18,3
w,kk_gc,class1,19,3
w,kk_gc,class1,20,3
w,kk_gc,class1,21,3
w,kk_gc,class1,22,3
w,kk_gc,class1,23,3
w,kk_gc,class1,24,3
w,kk_gc,class1,25,3
w,kk_gc,class2,1,40
w,kk_gc,class2,2,30
w,kk_gc,class2,3,25
w,kk_gc,class2,4,20
w,kk_gc,class2,5,15
w,kk_gc,class2,6,10
w,kk_gc,class2,7,5
w,kk_gc,class2,8,3
w,kk_gc,class2,9,3
w,kk_gc,class2,10,3
m,kk_etappe,proseries,1,25
m,kk_etappe,proseries,2,15
m,kk_etappe,proseries,3,10
m,kk_etappe,proseries,4,5
m,kk_etappe,proseries,5,3
m,kk_etappe,class1,1,14
m,kk_etappe,class1,2,5
m,kk_etappe,class1,3,3
m,kk_etappe,class2,1,7
m,kk_etappe,class2,2,3
m,kk_etappe,class2,3,1
m,kk_etappe,class2u,1,5
m,kk_etappe,class2u,2,1
w,kk_etappe,proseries,1,25
w,kk_etappe,proseries,2,15
w,kk_etappe,proseries,3,10
w,kk_etappe,proseries,4,5
w,kk_etappe,proseries,5,3
w,kk_etappe,class1,1,14
w,kk_etappe,class1,2,5
w,kk_etappe,class1,3,3
w,kk_etappe,class2,1,7
w,kk_etappe,class2,2,3
w,kk_etappe,class2,3,1
w,kk_etappe,class2u,1,5
w,kk_etappe,class2u,2,1
m,kk_trikot,proseries,1,5
m,kk_trikot,class1,1,3
m,kk_trikot,class2,1,1
m,kk_trikot,class2u,1,1
w,kk_trikot,proseries,1,5
w,kk_trikot,class1,1,3
w,kk_trikot,class2,1,1
w,kk_trikot,class2u,1,1
m,nat_meisterschaft,rr_a,1,100
m,nat_meisterschaft,rr_a,2,75
m,nat_meisterschaft,rr_a,3,60
m,nat_meisterschaft,rr_a,4,50
m,nat_meisterschaft,rr_a,5,40
m,nat_meisterschaft,rr_a,6,30
m,nat_meisterschaft,rr_a,7,20
m,nat_meisterschaft,rr_a,8,10
m,nat_meisterschaft,rr_a,9,5
m,nat_meisterschaft,rr_a,10,3
m,nat_meisterschaft,rr_a,11,3
m,nat_meisterschaft,rr_a,12,1
m,nat_meisterschaft,rr_a,13,1
m,nat_meisterschaft,rr_a,14,1
m,nat_meisterschaft,rr_a,15,1
m,nat_meisterschaft,rr_b,1,50
m,nat_meisterschaft,rr_b,2,30
m,nat_meisterschaft,rr_b,3,20
m,nat_meisterschaft,rr_b,4,15
m,nat_meisterschaft,rr_b,5,10
m,nat_meisterschaft,rr_b,6,5
m,nat_meisterschaft,rr_b,7,3
m,nat_meisterschaft,rr_b,8,3
m,nat_meisterschaft,rr_b,9,1
m,nat_meisterschaft,rr_b,10,1
m,nat_meisterschaft,itt_a,1,50
m,nat_meisterschaft,itt_a,2,30
m,nat_meisterschaft,itt_a,3,20
m,nat_meisterschaft,itt_a,4,15
m,nat_meisterschaft,itt_a,5,10
m,nat_meisterschaft,itt_a,6,5
m,nat_meisterschaft,itt_a,7,3
m,nat_meisterschaft,itt_a,8,3
m,nat_meisterschaft,itt_a,9,1
m,nat_meisterschaft,itt_a,10,1
m,nat_meisterschaft,itt_b,1,25
m,nat_meisterschaft,itt_b,2,15
m,nat_meisterschaft,itt_b,3,10
m,nat_meisterschaft,itt_b,4,5
m,nat_meisterschaft,itt_b,5,3
m,nat_meisterschaft,u23_rr,1,50
m,nat_meisterschaft,u23_rr,2,30
m,nat_meisterschaft,u23_rr,3,20
m,nat_meisterschaft,u23_rr,4,15
m,nat_meisterschaft,u23_rr,5,10
m,nat_meisterschaft,u23_rr,6,5
m,nat_meisterschaft,u23_rr,7,3
m,nat_meisterschaft,u23_rr,8,3
m,nat_meisterschaft,u23_rr,9,1
m,nat_meisterschaft,u23_rr,10,1
m,nat_meisterschaft,u23_itt,1,25
m,nat_meisterschaft,u23_itt,2,15
m,nat_meisterschaft,u23_itt,3,10
m,nat_meisterschaft,u23_itt,4,5
m,nat_meisterschaft,u23_itt,5,3
w,nat_meisterschaft,rr_a,1,100
w,nat_meisterschaft,rr_a,2,75
w,nat_meisterschaft,rr_a,3,60
w,nat_meisterschaft,rr_a,4,50
w,nat_meisterschaft,rr_a,5,40
w,nat_meisterschaft,rr_a,6,30
w,nat_meisterschaft,rr_a,7,20
w,nat_meisterschaft,rr_a,8,10
w,nat_meisterschaft,rr_a,9,5
w,nat_meisterschaft,rr_a,10,3
w,nat_meisterschaft,rr_a,11,3
w,nat_meisterschaft,rr_a,12,1
w,nat_meisterschaft,rr_a,13,1
w,nat_meisterschaft,rr_a,14,1
w,nat_meisterschaft,rr_a,15,1
w,nat_meisterschaft,rr_b,1,50
w,nat_meisterschaft,rr_b,2,30
w,nat_meisterschaft,rr_b,3,20
w,nat_meisterschaft,rr_b,4,15
w,nat_meisterschaft,rr_b,5,10
w,nat_meisterschaft,rr_b,6,5
w,nat_meisterschaft,rr_b,7,3
w,nat_meisterschaft,rr_b,8,3
w,nat_meisterschaft,rr_b,9,1
w,nat_meisterschaft,rr_b,10,1
w,nat_meisterschaft,itt_a,1,50
w,nat_meisterschaft,itt_a,2,30
w,nat_meisterschaft,itt_a,3,20
w,nat_meisterschaft,itt_a,4,15
w,nat_meisterschaft,itt_a,5,10
w,nat_meisterschaft,itt_a,6,5
w,nat_meisterschaft,itt_a,7,3
w,nat_meisterschaft,itt_a,8,3
w,nat_meisterschaft,itt_a,9,1
w,nat_meisterschaft,itt_a,10,1
w,nat_meisterschaft,itt_b,1,25
w,nat_meisterschaft,itt_b,2,15
w,nat_meisterschaft,itt_b,3,10
w,nat_meisterschaft,itt_b,4,5
w,nat_meisterschaft,itt_b,5,3
w,nat_meisterschaft,u23_rr,1,50
w,nat_meisterschaft,u23_rr,2,30
w,nat_meisterschaft,u23_rr,3,20
w,nat_meisterschaft,u23_rr,4,15
w,nat_meisterschaft,u23_rr,5,10
w,nat_meisterschaft,u23_rr,6,5
w,nat_meisterschaft,u23_rr,7,3
w,nat_meisterschaft,u23_rr,8,3
w,nat_meisterschaft,u23_rr,9,1
w,nat_meisterschaft,u23_rr,10,1
w,nat_meisterschaft,u23_itt,1,25
w,nat_meisterschaft,u23_itt,2,15
w,nat_meisterschaft,u23_itt,3,10
w,nat_meisterschaft,u23_itt,4,5
w,nat_meisterschaft,u23_itt,5,3
m,kont_meisterschaft,elite_rr,1,250
m,kont_meisterschaft,elite_rr,2,200
m,kont_meisterschaft,elite_rr,3,150
m,kont_meisterschaft,elite_rr,4,125
m,kont_meisterschaft,elite_rr,5,100
m,kont_meisterschaft,elite_rr,6,90
m,kont_meisterschaft,elite_rr,7,80
m,kont_meisterschaft,elite_rr,8,70
m,kont_meisterschaft,elite_rr,9,60
m,kont_meisterschaft,elite_rr,10,50
m,kont_meisterschaft,elite_rr,11,40
m,kont_meisterschaft,elite_rr,12,35
m,kont_meisterschaft,elite_rr,13,30
m,kont_meisterschaft,elite_rr,14,25
m,kont_meisterschaft,elite_rr,15,20
m,kont_meisterschaft,elite_rr,16,15
m,kont_meisterschaft,elite_rr,17,10
m,kont_meisterschaft,elite_rr,18,5
m,kont_meisterschaft,elite_rr,19,5
m,kont_meisterschaft,elite_rr,20,5
m,kont_meisterschaft,elite_rr,21,5
m,kont_meisterschaft,elite_rr,22,5
m,kont_meisterschaft,elite_rr,23,5
m,kont_meisterschaft,elite_rr,24,5
m,kont_meisterschaft,elite_rr,25,5
m,kont_meisterschaft,elite_rr,26,5
m,kont_meisterschaft,elite_rr,27,5
m,kont_meisterschaft,elite_rr,28,5
m,kont_meisterschaft,elite_rr,29,5
m,kont_meisterschaft,elite_rr,30,5
m,kont_meisterschaft,elite_rr,31,3
m,kont_meisterschaft,elite_rr,32,3
m,kont_meisterschaft,elite_rr,33,3
m,kont_meisterschaft,elite_rr,34,3
m,kont_meisterschaft,elite_rr,35,3
m,kont_meisterschaft,elite_rr,36,1
m,kont_meisterschaft,elite_rr,37,1
m,kont_meisterschaft,elite_rr,38,1
m,kont_meisterschaft,elite_rr,39,1
m,kont_meisterschaft,elite_rr,40,1
m,kont_meisterschaft,elite_itt,1,70
m,kont_meisterschaft,elite_itt,2,55
m,kont_meisterschaft,elite_itt,3,40
m,kont_meisterschaft,elite_itt,4,30
m,kont_meisterschaft,elite_itt,5,25
m,kont_meisterschaft,elite_itt,6,20
m,kont_meisterschaft,elite_itt,7,15
m,kont_meisterschaft,elite_itt,8,10
m,kont_meisterschaft,elite_itt,9,5
m,kont_meisterschaft,elite_itt,10,3
m,kont_meisterschaft,u23_rr,1,125
m,kont_meisterschaft,u23_rr,2,85
m,kont_meisterschaft,u23_rr,3,70
m,kont_meisterschaft,u23_rr,4,60
m,kont_meisterschaft,u23_rr,5,50
m,kont_meisterschaft,u23_rr,6,40
m,kont_meisterschaft,u23_rr,7,35
m,kont_meisterschaft,u23_rr,8,30
m,kont_meisterschaft,u23_rr,9,25
m,kont_meisterschaft,u23_rr,10,20
m,kont_meisterschaft,u23_rr,11,15
m,kont_meisterschaft,u23_rr,12,10
m,kont_meisterschaft,u23_rr,13,5
m,kont_meisterschaft,u23_rr,14,5
m,kont_meisterschaft,u23_rr,15,5
m,kont_meisterschaft,u23_rr,16,3
m,kont_meisterschaft,u23_rr,17,3
m,kont_meisterschaft,u23_rr,18,3
m,kont_meisterschaft,u23_rr,19,3
m,kont_meisterschaft,u23_rr,20,3
m,kont_meisterschaft,u23_itt,1,50
m,kont_meisterschaft,u23_itt,2,30
m,kont_meisterschaft,u23_itt,3,20
m,kont_meisterschaft,u23_itt,4,15
m,kont_meisterschaft,u23_itt,5,10
m,kont_meisterschaft,u23_itt,6,5
m,kont_meisterschaft,u23_itt,7,3
m,kont_meisterschaft,u23_itt,8,3
m,kont_meisterschaft,u23_itt,9,1
m,kont_meisterschaft,u23_itt,10,1
w,kont_meisterschaft,elite_rr,1,250
w,kont_meisterschaft,elite_rr,2,200
w,kont_meisterschaft,elite_rr,3,150
w,kont_meisterschaft,elite_rr,4,125
w,kont_meisterschaft,elite_rr,5,100
w,kont_meisterschaft,elite_rr,6,90
w,kont_meisterschaft,elite_rr,7,80
w,kont_meisterschaft,elite_rr,8,70
w,kont_meisterschaft,elite_rr,9,60
w,kont_meisterschaft,elite_rr,10,50
w,kont_meisterschaft,elite_rr,11,40
w,kont_meisterschaft,elite_rr,12,35
w,kont_meisterschaft,elite_rr,13,30
w,kont_meisterschaft,elite_rr,14,25
w,kont_meisterschaft,elite_rr,15,20
w,kont_meisterschaft,elite_rr,16,15
w,kont_meisterschaft,elite_rr,17,10
w,kont_meisterschaft,elite_rr,18,5
w,kont_meisterschaft,elite_rr,19,5
w,kont_meisterschaft,elite_rr,20,5
w,kont_meisterschaft,elite_rr,21,5
w,kont_meisterschaft,elite_rr,22,5
w,kont_meisterschaft,elite_rr,23,5
w,kont_meisterschaft,elite_rr,24,5
w,kont_meisterschaft,elite_rr,25,5
w,kont_meisterschaft,elite_rr,26,5
w,kont_meisterschaft,elite_rr,27,5
w,kont_meisterschaft,elite_rr,28,5
w,kont_meisterschaft,elite_rr,29,5
w,kont_meisterschaft,elite_rr,30,5
w,kont_meisterschaft,elite_rr,31,3
w,kont_meisterschaft,elite_rr,32,3
w,kont_meisterschaft,elite_rr,33,3
w,kont_meisterschaft,elite_rr,34,3
w,kont_meisterschaft,elite_rr,35,3
w,kont_meisterschaft,elite_rr,36,1
w,kont_meisterschaft,elite_rr,37,1
w,kont_meisterschaft,elite_rr,38,1
w,kont_meisterschaft,elite_rr,39,1
w,kont_meisterschaft,elite_rr,40,1
w,kont_meisterschaft,elite_itt,1,70
w,kont_meisterschaft,elite_itt,2,55
w,kont_meisterschaft,elite_itt,3,40
w,kont_meisterschaft,elite_itt,4,30
w,kont_meisterschaft,elite_itt,5,25
w,kont_meisterschaft,elite_itt,6,20
w,kont_meisterschaft,elite_itt,7,15
w,kont_meisterschaft,elite_itt,8,10
w,kont_meisterschaft,elite_itt,9,5
w,kont_meisterschaft,elite_itt,10,3
w,kont_meisterschaft,u23_rr,1,125
w,kont_meisterschaft,u23_rr,2,85
w,kont_meisterschaft,u23_rr,3,70
w,kont_meisterschaft,u23_rr,4,60
w,kont_meisterschaft,u23_rr,5,50
w,kont_meisterschaft,u23_rr,6,40
w,kont_meisterschaft,u23_rr,7,35
w,kont_meisterschaft,u23_rr,8,30
w,kont_meisterschaft,u23_rr,9,25
w,kont_meisterschaft,u23_rr,10,20
w,kont_meisterschaft,u23_rr,11,15
w,kont_meisterschaft,u23_rr,12,10
w,kont_meisterschaft,u23_rr,13,5
w,kont_meisterschaft,u23_rr,14,5
w,kont_meisterschaft,u23_rr,15,5
w,kont_meisterschaft,u23_rr,16,3
w,kont_meisterschaft,u23_rr,17,3
w,kont_meisterschaft,u23_rr,18,3
w,kont_meisterschaft,u23_rr,19,3
w,kont_meisterschaft,u23_rr,20,3
w,kont_meisterschaft,u23_itt,1,50
w,kont_meisterschaft,u23_itt,2,30
w,kont_meisterschaft,u23_itt,3,20
w,kont_meisterschaft,u23_itt,4,15
w,kont_meisterschaft,u23_itt,5,10
w,kont_meisterschaft,u23_itt,6,5
w,kont_meisterschaft,u23_itt,7,3
w,kont_meisterschaft,u23_itt,8,3
w,kont_meisterschaft,u23_itt,9,1
w,kont_meisterschaft,u23_itt,10,1
m,wm_olympia,elite_rr,1,900
m,wm_olympia,elite_rr,2,715
m,wm_olympia,elite_rr,3,600
m,wm_olympia,elite_rr,4,490
m,wm_olympia,elite_rr,5,410
m,wm_olympia,elite_rr,6,340
m,wm_olympia,elite_rr,7,265
m,wm_olympia,elite_rr,8,225
m,wm_olympia,elite_rr,9,190
m,wm_olympia,elite_rr,10,150
m,wm_olympia,elite_rr,11,130
m,wm_olympia,elite_rr,12,105
m,wm_olympia,elite_rr,13,90
m,wm_olympia,elite_rr,14,75
m,wm_olympia,elite_rr,15,60
m,wm_olympia,elite_rr,16,50
m,wm_olympia,elite_rr,17,45
m,wm_olympia,elite_rr,18,45
m,wm_olympia,elite_rr,19,45
m,wm_olympia,elite_rr,20,45
m,wm_olympia,elite_rr,21,45
m,wm_olympia,elite_rr,22,30
m,wm_olympia,elite_rr,23,30
m,wm_olympia,elite_rr,24,30
m,wm_olympia,elite_rr,25,30
m,wm_olympia,elite_rr,26,30
m,wm_olympia,elite_rr,27,30
m,wm_olympia,elite_rr,28,30
m,wm_olympia,elite_rr,29,30
m,wm_olympia,elite_rr,30,30
m,wm_olympia,elite_rr,31,30
m,wm_olympia,elite_rr,32,15
m,wm_olympia,elite_rr,33,15
m,wm_olympia,elite_rr,34,15
m,wm_olympia,elite_rr,35,15
m,wm_olympia,elite_rr,36,15
m,wm_olympia,elite_rr,37,15
m,wm_olympia,elite_rr,38,15
m,wm_olympia,elite_rr,39,15
m,wm_olympia,elite_rr,40,15
m,wm_olympia,elite_rr,41,15
m,wm_olympia,elite_rr,42,15
m,wm_olympia,elite_rr,43,15
m,wm_olympia,elite_rr,44,15
m,wm_olympia,elite_rr,45,15
m,wm_olympia,elite_rr,46,15
m,wm_olympia,elite_rr,47,15
m,wm_olympia,elite_rr,48,15
m,wm_olympia,elite_rr,49,15
m,wm_olympia,elite_rr,50,15
m,wm_olympia,elite_rr,51,10
m,wm_olympia,elite_rr,52,10
m,wm_olympia,elite_rr,53,10
m,wm_olympia,elite_rr,54,10
m,wm_olympia,elite_rr,55,10
m,wm_olympia,elite_rr,56,5
m,wm_olympia,elite_rr,57,5
m,wm_olympia,elite_rr,58,5
m,wm_olympia,elite_rr,59,5
m,wm_olympia,elite_rr,60,5
m,wm_olympia,elite_itt,1,455
m,wm_olympia,elite_itt,2,325
m,wm_olympia,elite_itt,3,260
m,wm_olympia,elite_itt,4,195
m,wm_olympia,elite_itt,5,165
m,wm_olympia,elite_itt,6,130
m,wm_olympia,elite_itt,7,110
m,wm_olympia,elite_itt,8,90
m,wm_olympia,elite_itt,9,80
m,wm_olympia,elite_itt,10,65
m,wm_olympia,elite_itt,11,55
m,wm_olympia,elite_itt,12,40
m,wm_olympia,elite_itt,13,30
m,wm_olympia,elite_itt,14,25
m,wm_olympia,elite_itt,15,20
m,wm_olympia,elite_itt,16,15
m,wm_olympia,elite_itt,17,10
m,wm_olympia,elite_itt,18,10
m,wm_olympia,elite_itt,19,5
m,wm_olympia,elite_itt,20,5
m,wm_olympia,elite_itt,21,3
m,wm_olympia,elite_itt,22,3
m,wm_olympia,elite_itt,23,3
m,wm_olympia,elite_itt,24,3
m,wm_olympia,elite_itt,25,3
m,wm_olympia,u23_rr,1,200
m,wm_olympia,u23_rr,2,150
m,wm_olympia,u23_rr,3,125
m,wm_olympia,u23_rr,4,100
m,wm_olympia,u23_rr,5,85
m,wm_olympia,u23_rr,6,70
m,wm_olympia,u23_rr,7,60
m,wm_olympia,u23_rr,8,50
m,wm_olympia,u23_rr,9,40
m,wm_olympia,u23_rr,10,35
m,wm_olympia,u23_rr,11,30
m,wm_olympia,u23_rr,12,25
m,wm_olympia,u23_rr,13,20
m,wm_olympia,u23_rr,14,15
m,wm_olympia,u23_rr,15,10
m,wm_olympia,u23_rr,16,5
m,wm_olympia,u23_rr,17,5
m,wm_olympia,u23_rr,18,5
m,wm_olympia,u23_rr,19,5
m,wm_olympia,u23_rr,20,5
m,wm_olympia,u23_rr,21,5
m,wm_olympia,u23_rr,22,5
m,wm_olympia,u23_rr,23,5
m,wm_olympia,u23_rr,24,5
m,wm_olympia,u23_rr,25,5
m,wm_olympia,u23_rr,26,5
m,wm_olympia,u23_rr,27,5
m,wm_olympia,u23_rr,28,5
m,wm_olympia,u23_rr,29,5
m,wm_olympia,u23_rr,30,5
m,wm_olympia,u23_rr,31,3
m,wm_olympia,u23_rr,32,3
m,wm_olympia,u23_rr,33,3
m,wm_olympia,u23_rr,34,3
m,wm_olympia,u23_rr,35,3
m,wm_olympia,u23_rr,36,3
m,wm_olympia,u23_rr,37,3
m,wm_olympia,u23_rr,38,3
m,wm_olympia,u23_rr,39,3
m,wm_olympia,u23_rr,40,3
m,wm_olympia,u23_itt,1,125
m,wm_olympia,u23_itt,2,85
m,wm_olympia,u23_itt,3,70
m,wm_olympia,u23_itt,4,60
m,wm_olympia,u23_itt,5,50
m,wm_olympia,u23_itt,6,40
m,wm_olympia,u23_itt,7,35
m,wm_olympia,u23_itt,8,30
m,wm_olympia,u23_itt,9,25
m,wm_olympia,u23_itt,10,20
m,wm_olympia,u23_itt,11,15
m,wm_olympia,u23_itt,12,10
m,wm_olympia,u23_itt,13,5
m,wm_olympia,u23_itt,14,5
m,wm_olympia,u23_itt,15,5
m,wm_olympia,u23_itt,16,3
m,wm_olympia,u23_itt,17,3
m,wm_olympia,u23_itt,18,3
m,wm_olympia,u23_itt,19,3
m,wm_olympia,u23_itt,20,3
w,wm_olympia,elite_rr,1,900
w,wm_olympia,elite_rr,2,715
w,wm_olympia,elite_rr,3,600
w,wm_olympia,elite_rr,4,490
w,wm_olympia,elite_rr,5,410
w,wm_olympia,elite_rr,6,340
w,wm_olympia,elite_rr,7,265
w,wm_olympia,elite_rr,8,225
w,wm_olympia,elite_rr,9,190
w,wm_olympia,elite_rr,10,150
w,wm_olympia,elite_rr,11,130
w,wm_olympia,elite_rr,12,105
w,wm_olympia,elite_rr,13,90
w,wm_olympia,elite_rr,14,75
w,wm_olympia,elite_rr,15,60
w,wm_olympia,elite_rr,16,50
w,wm_olympia,elite_rr,17,45
w,wm_olympia,elite_rr,18,45
w,wm_olympia,elite_rr,19,45
w,wm_olympia,elite_rr,20,45
w,wm_olympia,elite_rr,21,45
w,wm_olympia,elite_rr,22,30
w,wm_olympia,elite_rr,23,30
w,wm_olympia,elite_rr,24,30
w,wm_olympia,elite_rr,25,30
w,wm_olympia,elite_rr,26,30
w,wm_olympia,elite_rr,27,30
w,wm_olympia,elite_rr,28,30
w,wm_olympia,elite_rr,29,30
w,wm_olympia,elite_rr,30,30
w,wm_olympia,elite_rr,31,30
w,wm_olympia,elite_rr,32,15
w,wm_olympia,elite_rr,33,15
w,wm_olympia,elite_rr,34,15
w,wm_olympia,elite_rr,35,15
w,wm_olympia,elite_rr,36,15
w,wm_olympia,elite_rr,37,15
w,wm_olympia,elite_rr,38,15
w,wm_olympia,elite_rr,39,15
w,wm_olympia,elite_rr,40,15
w,wm_olympia,elite_rr,41,15
w,wm_olympia,elite_rr,42,15
w,wm_olympia,elite_rr,43,15
w,wm_olympia,elite_rr,44,15
w,wm_olympia,elite_rr,45,15
w,wm_olympia,elite_rr,46,15
w,wm_olympia,elite_rr,47,15
w,wm_olympia,elite_rr,48,15
w,wm_olympia,elite_rr,49,15
w,wm_olympia,elite_rr,50,15
w,wm_olympia,elite_rr,51,10
w,wm_olympia,elite_rr,52,10
w,wm_olympia,elite_rr,53,10
w,wm_olympia,elite_rr,54,10
w,wm_olympia,elite_rr,55,10
w,wm_olympia,elite_rr,56,5
w,wm_olympia,elite_rr,57,5
w,wm_olympia,elite_rr,58,5
w,wm_olympia,elite_rr,59,5
w,wm_olympia,elite_rr,60,5
w,wm_olympia,elite_itt,1,455
w,wm_olympia,elite_itt,2,325
w,wm_olympia,elite_itt,3,260
w,wm_olympia,elite_itt,4,195
w,wm_olympia,elite_itt,5,165
w,wm_olympia,elite_itt,6,130
w,wm_olympia,elite_itt,7,110
w,wm_olympia,elite_itt,8,90
w,wm_olympia,elite_itt,9,80
w,wm_olympia,elite_itt,10,65
w,wm_olympia,elite_itt,11,55
w,wm_olympia,elite_itt,12,40
w,wm_olympia,elite_itt,13,30
w,wm_olympia,elite_itt,14,25
w,wm_olympia,elite_itt,15,20
w,wm_olympia,elite_itt,16,15
w,wm_olympia,elite_itt,17,10
w,wm_olympia,elite_itt,18,10
w,wm_olympia,elite_itt,19,5
w,wm_olympia,elite_itt,20,5
w,wm_olympia,elite_itt,21,3
w,wm_olympia,elite_itt,22,3
w,wm_olympia,elite_itt,23,3
w,wm_olympia,elite_itt,24,3
w,wm_olympia,elite_itt,25,3
w,wm_olympia,u23_rr,1,200
w,wm_olympia,u23_rr,2,150
w,wm_olympia,u23_rr,3,125
w,wm_olympia,u23_rr,4,100
w,wm_olympia,u23_rr,5,85
w,wm_olympia,u23_rr,6,70
w,wm_olympia,u23_rr,7,60
w,wm_olympia,u23_rr,8,50
w,wm_olympia,u23_rr,9,40
w,wm_olympia,u23_rr,10,35
w,wm_olympia,u23_rr,11,30
w,wm_olympia,u23_rr,12,25
w,wm_olympia,u23_rr,13,20
w,wm_olympia,u23_rr,14,15
w,wm_olympia,u23_rr,15,10
w,wm_olympia,u23_rr,16,5
w,wm_olympia,u23_rr,17,5
w,wm_olympia,u23_rr,18,5
w,wm_olympia,u23_rr,19,5
w,wm_olympia,u23_rr,20,5
w,wm_olympia,u23_rr,21,5
w,wm_olympia,u23_rr,22,5
w,wm_olympia,u23_rr,23,5
w,wm_olympia,u23_rr,24,5
w,wm_olympia,u23_rr,25,5
w,wm_olympia,u23_rr,26,5
w,wm_olympia,u23_rr,27,5
w,wm_olympia,u23_rr,28,5
w,wm_olympia,u23_rr,29,5
w,wm_olympia,u23_rr,30,5
w,wm_olympia,u23_rr,31,3
w,wm_olympia,u23_rr,32,3
w,wm_olympia,u23_rr,33,3
w,wm_olympia,u23_rr,34,3
w,wm_olympia,u23_rr,35,3
w,wm_olympia,u23_rr,36,3
w,wm_olympia,u23_rr,37,3
w,wm_olympia,u23_rr,38,3
w,wm_olympia,u23_rr,39,3
w,wm_olympia,u23_rr,40,3
w,wm_olympia,u23_itt,1,125
w,wm_olympia,u23_itt,2,85
w,wm_olympia,u23_itt,3,70
w,wm_olympia,u23_itt,4,60
w,wm_olympia,u23_itt,5,50
w,wm_olympia,u23_itt,6,40
w,wm_olympia,u23_itt,7,35
w,wm_olympia,u23_itt,8,30
w,wm_olympia,u23_itt,9,25
w,wm_olympia,u23_itt,10,20
w,wm_olympia,u23_itt,11,15
w,wm_olympia,u23_itt,12,10
w,wm_olympia,u23_itt,13,5
w,wm_olympia,u23_itt,14,5
w,wm_olympia,u23_itt,15,5
w,wm_olympia,u23_itt,16,3
w,wm_olympia,u23_itt,17,3
w,wm_olympia,u23_itt,18,3
w,wm_olympia,u23_itt,19,3
w,wm_olympia,u23_itt,20,3
m,ttt_kont,elite,1,70
m,ttt_kont,elite,2,55
m,ttt_kont,elite,3,40
m,ttt_kont,elite,4,30
m,ttt_kont,elite,5,25
m,ttt_kont,elite,6,20
m,ttt_kont,elite,7,15
m,ttt_kont,elite,8,10
m,ttt_kont,elite,9,5
m,ttt_kont,elite,10,3
w,ttt_kont,elite,1,70
w,ttt_kont,elite,2,55
w,ttt_kont,elite,3,40
w,ttt_kont,elite,4,30
w,ttt_kont,elite,5,25
w,ttt_kont,elite,6,20
w,ttt_kont,elite,7,15
w,ttt_kont,elite,8,10
w,ttt_kont,elite,9,5
w,ttt_kont,elite,10,3
m,mixed_relay_kont,elite,1,70
m,mixed_relay_kont,elite,2,55
m,mixed_relay_kont,elite,3,40
m,mixed_relay_kont,elite,4,30
m,mixed_relay_kont,elite,5,25
m,mixed_relay_kont,elite,6,20
m,mixed_relay_kont,elite,7,15
m,mixed_relay_kont,elite,8,10
m,mixed_relay_kont,elite,9,5
m,mixed_relay_kont,elite,10,3
w,mixed_relay_kont,elite,1,70
w,mixed_relay_kont,elite,2,55
w,mixed_relay_kont,elite,3,40
w,mixed_relay_kont,elite,4,30
w,mixed_relay_kont,elite,5,25
w,mixed_relay_kont,elite,6,20
w,mixed_relay_kont,elite,7,15
w,mixed_relay_kont,elite,8,10
w,mixed_relay_kont,elite,9,5
w,mixed_relay_kont,elite,10,3
m,mixed_relay_wm,elite,1,300
m,mixed_relay_wm,elite,2,250
m,mixed_relay_wm,elite,3,200
m,mixed_relay_wm,elite,4,150
m,mixed_relay_wm,elite,5,125
m,mixed_relay_wm,elite,6,100
m,mixed_relay_wm,elite,7,85
m,mixed_relay_wm,elite,8,75
m,mixed_relay_wm,elite,9,60
m,mixed_relay_wm,elite,10,50
m,mixed_relay_wm,elite,11,40
m,mixed_relay_wm,elite,12,30
m,mixed_relay_wm,elite,13,25
m,mixed_relay_wm,elite,14,15
m,mixed_relay_wm,elite,15,10
m,mixed_relay_wm,elite,16,10
m,mixed_relay_wm,elite,17,10
m,mixed_relay_wm,elite,18,10
m,mixed_relay_wm,elite,19,10
m,mixed_relay_wm,elite,20,10
m,mixed_relay_wm,elite,21,5
m,mixed_relay_wm,elite,22,5
m,mixed_relay_wm,elite,23,5
m,mixed_relay_wm,elite,24,5
m,mixed_relay_wm,elite,25,5
w,mixed_relay_wm,elite,1,300
w,mixed_relay_wm,elite,2,250
w,mixed_relay_wm,elite,3,200
w,mixed_relay_wm,elite,4,150
w,mixed_relay_wm,elite,5,125
w,mixed_relay_wm,elite,6,100
w,mixed_relay_wm,elite,7,85
w,mixed_relay_wm,elite,8,75
w,mixed_relay_wm,elite,9,60
w,mixed_relay_wm,elite,10,50
w,mixed_relay_wm,elite,11,40
w,mixed_relay_wm,elite,12,30
w,mixed_relay_wm,elite,13,25
w,mixed_relay_wm,elite,14,15
w,mixed_relay_wm,elite,15,10
w,mixed_relay_wm,elite,16,10
w,mixed_relay_wm,elite,17,10
w,mixed_relay_wm,elite,18,10
w,mixed_relay_wm,elite,19,10
w,mixed_relay_wm,elite,20,10
w,mixed_relay_wm,elite,21,5
w,mixed_relay_wm,elite,22,5
w,mixed_relay_wm,elite,23,5
w,mixed_relay_wm,elite,24,5
w,mixed_relay_wm,elite,25,5
